,,,,,,,,,,10,,,,,100,,,10,,,,,,,,,,,,,10,,,,,,,10,,,,
medv,crim,,medv,zn,,medv,indus,,medv,chas,chas,,medv,nox,nox,,medv,rm,rm,,medv,age,,medv,dis,,medv,rad,,medv,medv,tax,,medv,ptratio,,medv,medv,black,,medv,lstat
24,0.00632,,24,18,,24,2.31,,24,0,0,,24,53.8,0.538,,24,65.75,6.575,,24,65.2,,24,4.09,,24,1,,24,240,296,,24,15.3,,24,240,396.9,,24,4.98
21.6,0.02731,,21.6,0,,21.6,7.07,,21.6,0,0,,21.6,46.9,0.469,,21.6,64.21,6.421,,21.6,78.9,,21.6,4.9671,,21.6,2,,21.6,216,242,,21.6,17.8,,21.6,216,396.9,,21.6,9.14
33.4,0.03237,,33.4,0,,33.4,2.18,,33.4,0,0,,33.4,45.8,0.458,,33.4,69.98,6.998,,33.4,45.8,,33.4,6.0622,,33.4,3,,33.4,334,222,,33.4,18.7,,33.4,334,394.63,,33.4,2.94
36.2,0.06905,,36.2,0,,36.2,2.18,,36.2,0,0,,36.2,45.8,0.458,,36.2,71.47,7.147,,36.2,54.2,,36.2,6.0622,,36.2,3,,36.2,362,222,,36.2,18.7,,36.2,362,396.9,,36.2,5.33
22.9,0.08829,,22.9,12.5,,22.9,7.87,,22.9,0,0,,22.9,52.4,0.524,,22.9,60.12,6.012,,22.9,66.6,,22.9,5.5605,,22.9,5,,22.9,229,311,,22.9,15.2,,22.9,229,395.6,,22.9,12.43
15,0.22489,,15,12.5,,15,7.87,,15,0,0,,15,52.4,0.524,,15,63.77,6.377,,15,94.3,,15,6.3467,,15,5,,15,150,311,,15,15.2,,15,150,392.52,,15,20.45
18.9,0.11747,,18.9,12.5,,18.9,7.87,,18.9,0,0,,18.9,52.4,0.524,,18.9,60.09,6.009,,18.9,82.9,,18.9,6.2267,,18.9,5,,18.9,189,311,,18.9,15.2,,18.9,189,396.9,,18.9,13.27
21.7,0.09378,,21.7,12.5,,21.7,7.87,,21.7,0,0,,21.7,52.4,0.524,,21.7,58.89,5.889,,21.7,39,,21.7,5.4509,,21.7,5,,21.7,217,311,,21.7,15.2,,21.7,217,390.5,,21.7,15.71
20.4,0.62976,,20.4,0,,20.4,8.14,,20.4,0,0,,20.4,53.8,0.538,,20.4,59.49,5.949,,20.4,61.8,,20.4,4.7075,,20.4,4,,20.4,204,307,,20.4,21,,20.4,204,396.9,,20.4,8.26
18.2,0.63796,,18.2,0,,18.2,8.14,,18.2,0,0,,18.2,53.8,0.538,,18.2,60.96,6.096,,18.2,84.5,,18.2,4.4619,,18.2,4,,18.2,182,307,,18.2,21,,18.2,182,380.02,,18.2,10.26
19.9,0.62739,,19.9,0,,19.9,8.14,,19.9,0,0,,19.9,53.8,0.538,,19.9,58.34,5.834,,19.9,56.5,,19.9,4.4986,,19.9,4,,19.9,199,307,,19.9,21,,19.9,199,395.62,,19.9,8.47
23.1,1.05393,,23.1,0,,23.1,8.14,,23.1,0,0,,23.1,53.8,0.538,,23.1,59.35,5.935,,23.1,29.3,,23.1,4.4986,,23.1,4,,23.1,231,307,,23.1,21,,23.1,231,386.85,,23.1,6.58
20.2,0.80271,,20.2,0,,20.2,8.14,,20.2,0,0,,20.2,53.8,0.538,,20.2,54.56,5.456,,20.2,36.6,,20.2,3.7965,,20.2,4,,20.2,202,307,,20.2,21,,20.2,202,288.99,,20.2,11.69
13.6,1.25179,,13.6,0,,13.6,8.14,,13.6,0,0,,13.6,53.8,0.538,,13.6,55.7,5.57,,13.6,98.1,,13.6,3.7979,,13.6,4,,13.6,136,307,,13.6,21,,13.6,136,376.57,,13.6,21.02
19.6,0.85204,,19.6,0,,19.6,8.14,,19.6,0,0,,19.6,53.8,0.538,,19.6,59.65,5.965,,19.6,89.2,,19.6,4.0123,,19.6,4,,19.6,196,307,,19.6,21,,19.6,196,392.53,,19.6,13.83
15.2,1.23247,,15.2,0,,15.2,8.14,,15.2,0,0,,15.2,53.8,0.538,,15.2,61.42,6.142,,15.2,91.7,,15.2,3.9769,,15.2,4,,15.2,152,307,,15.2,21,,15.2,152,396.9,,15.2,18.72
14.5,0.98843,,14.5,0,,14.5,8.14,,14.5,0,0,,14.5,53.8,0.538,,14.5,58.13,5.813,,14.5,100,,14.5,4.0952,,14.5,4,,14.5,145,307,,14.5,21,,14.5,145,394.54,,14.5,19.88
14.8,0.95577,,14.8,0,,14.8,8.14,,14.8,0,0,,14.8,53.8,0.538,,14.8,60.47,6.047,,14.8,88.8,,14.8,4.4534,,14.8,4,,14.8,148,307,,14.8,21,,14.8,148,306.38,,14.8,17.28
12.7,1.13081,,12.7,0,,12.7,8.14,,12.7,0,0,,12.7,53.8,0.538,,12.7,57.13,5.713,,12.7,94.1,,12.7,4.233,,12.7,4,,12.7,127,307,,12.7,21,,12.7,127,360.17,,12.7,22.6
14.5,1.35472,,14.5,0,,14.5,8.14,,14.5,0,0,,14.5,53.8,0.538,,14.5,60.72,6.072,,14.5,100,,14.5,4.175,,14.5,4,,14.5,145,307,,14.5,21,,14.5,145,376.73,,14.5,13.04
13.5,1.61282,,13.5,0,,13.5,8.14,,13.5,0,0,,13.5,53.8,0.538,,13.5,60.96,6.096,,13.5,96.9,,13.5,3.7598,,13.5,4,,13.5,135,307,,13.5,21,,13.5,135,248.31,,13.5,20.34
24.7,0.17505,,24.7,0,,24.7,5.96,,24.7,0,0,,24.7,49.9,0.499,,24.7,59.66,5.966,,24.7,30.2,,24.7,3.8473,,24.7,5,,24.7,247,279,,24.7,19.2,,24.7,247,393.43,,24.7,10.13
30.8,0.02763,,30.8,75,,30.8,2.95,,30.8,0,0,,30.8,42.8,0.428,,30.8,65.95,6.595,,30.8,21.8,,30.8,5.4011,,30.8,3,,30.8,308,252,,30.8,18.3,,30.8,308,395.63,,30.8,4.32
34.9,0.03359,,34.9,75,,34.9,2.95,,34.9,0,0,,34.9,42.8,0.428,,34.9,70.24,7.024,,34.9,15.8,,34.9,5.4011,,34.9,3,,34.9,349,252,,34.9,18.3,,34.9,349,395.62,,34.9,1.98
25.3,0.1415,,25.3,0,,25.3,6.91,,25.3,0,0,,25.3,44.8,0.448,,25.3,61.69,6.169,,25.3,6.6,,25.3,5.7209,,25.3,3,,25.3,253,233,,25.3,17.9,,25.3,253,383.37,,25.3,5.81
24.7,0.15936,,24.7,0,,24.7,6.91,,24.7,0,0,,24.7,44.8,0.448,,24.7,62.11,6.211,,24.7,6.5,,24.7,5.7209,,24.7,3,,24.7,247,233,,24.7,17.9,,24.7,247,394.46,,24.7,7.44
21.2,0.12269,,21.2,0,,21.2,6.91,,21.2,0,0,,21.2,44.8,0.448,,21.2,60.69,6.069,,21.2,40,,21.2,5.7209,,21.2,3,,21.2,212,233,,21.2,17.9,,21.2,212,389.39,,21.2,9.55
19.3,0.17142,,19.3,0,,19.3,6.91,,19.3,0,0,,19.3,44.8,0.448,,19.3,56.82,5.682,,19.3,33.8,,19.3,5.1004,,19.3,3,,19.3,193,233,,19.3,17.9,,19.3,193,396.9,,19.3,10.21
20,0.18836,,20,0,,20,6.91,,20,0,0,,20,44.8,0.448,,20,57.86,5.786,,20,33.3,,20,5.1004,,20,3,,20,200,233,,20,17.9,,20,200,396.9,,20,14.15
16.6,0.22927,,16.6,0,,16.6,6.91,,16.6,0,0,,16.6,44.8,0.448,,16.6,60.3,6.03,,16.6,85.5,,16.6,5.6894,,16.6,3,,16.6,166,233,,16.6,17.9,,16.6,166,392.74,,16.6,18.8
19.4,0.21977,,19.4,0,,19.4,6.91,,19.4,0,0,,19.4,44.8,0.448,,19.4,56.02,5.602,,19.4,62,,19.4,6.0877,,19.4,3,,19.4,194,233,,19.4,17.9,,19.4,194,396.9,,19.4,16.2
19.7,0.08873,,19.7,21,,19.7,5.64,,19.7,0,0,,19.7,43.9,0.439,,19.7,59.63,5.963,,19.7,45.7,,19.7,6.8147,,19.7,4,,19.7,197,243,,19.7,16.8,,19.7,197,395.56,,19.7,13.45
20.5,0.04337,,20.5,21,,20.5,5.64,,20.5,0,0,,20.5,43.9,0.439,,20.5,61.15,6.115,,20.5,63,,20.5,6.8147,,20.5,4,,20.5,205,243,,20.5,16.8,,20.5,205,393.97,,20.5,9.43
23.4,0.04981,,23.4,21,,23.4,5.64,,23.4,0,0,,23.4,43.9,0.439,,23.4,59.98,5.998,,23.4,21.4,,23.4,6.8147,,23.4,4,,23.4,234,243,,23.4,16.8,,23.4,234,396.9,,23.4,8.43
18.9,0.0136,,18.9,75,,18.9,4,,18.9,0,0,,18.9,41,0.41,,18.9,58.88,5.888,,18.9,47.6,,18.9,7.3197,,18.9,3,,18.9,189,469,,18.9,21.1,,18.9,189,396.9,,18.9,14.8
35.4,0.01311,,35.4,90,,35.4,1.22,,35.4,0,0,,35.4,40.3,0.403,,35.4,72.49,7.249,,35.4,21.9,,35.4,8.6966,,35.4,5,,35.4,354,226,,35.4,17.9,,35.4,354,395.93,,35.4,4.81
24.7,0.02055,,24.7,85,,24.7,0.74,,24.7,0,0,,24.7,41,0.41,,24.7,63.83,6.383,,24.7,35.7,,24.7,9.1876,,24.7,2,,24.7,247,313,,24.7,17.3,,24.7,247,396.9,,24.7,5.77
31.6,0.01432,,31.6,100,,31.6,1.32,,31.6,0,0,,31.6,41.1,0.411,,31.6,68.16,6.816,,31.6,40.5,,31.6,8.3248,,31.6,5,,31.6,316,256,,31.6,15.1,,31.6,316,392.9,,31.6,3.95
23.3,0.15445,,23.3,25,,23.3,5.13,,23.3,0,0,,23.3,45.3,0.453,,23.3,61.45,6.145,,23.3,29.2,,23.3,7.8148,,23.3,8,,23.3,233,284,,23.3,19.7,,23.3,233,390.68,,23.3,6.86
18.7,0.14932,,18.7,25,,18.7,5.13,,18.7,0,0,,18.7,45.3,0.453,,18.7,57.41,5.741,,18.7,66.2,,18.7,7.2254,,18.7,8,,18.7,187,284,,18.7,19.7,,18.7,187,395.11,,18.7,13.15
16,0.17171,,16,25,,16,5.13,,16,0,0,,16,45.3,0.453,,16,59.66,5.966,,16,93.4,,16,6.8185,,16,8,,16,160,284,,16,19.7,,16,160,378.08,,16,14.44
25,0.1265,,25,25,,25,5.13,,25,0,0,,25,45.3,0.453,,25,67.62,6.762,,25,43.4,,25,7.9809,,25,8,,25,250,284,,25,19.7,,25,250,395.58,,25,9.5
33,0.01951,,33,17.5,,33,1.38,,33,0,0,,33,41.61,0.4161,,33,71.04,7.104,,33,59.5,,33,9.2229,,33,3,,33,330,216,,33,18.6,,33,330,393.24,,33,8.05
23.5,0.03584,,23.5,80,,23.5,3.37,,23.5,0,0,,23.5,39.8,0.398,,23.5,62.9,6.29,,23.5,17.8,,23.5,6.6115,,23.5,4,,23.5,235,337,,23.5,16.1,,23.5,235,396.9,,23.5,4.67
19.4,0.04379,,19.4,80,,19.4,3.37,,19.4,0,0,,19.4,39.8,0.398,,19.4,57.87,5.787,,19.4,31.1,,19.4,6.6115,,19.4,4,,19.4,194,337,,19.4,16.1,,19.4,194,396.9,,19.4,10.24
22,0.05789,,22,12.5,,22,6.07,,22,0,0,,22,40.9,0.409,,22,58.78,5.878,,22,21.4,,22,6.498,,22,4,,22,220,345,,22,18.9,,22,220,396.21,,22,8.1
17.4,0.13554,,17.4,12.5,,17.4,6.07,,17.4,0,0,,17.4,40.9,0.409,,17.4,55.94,5.594,,17.4,36.8,,17.4,6.498,,17.4,4,,17.4,174,345,,17.4,18.9,,17.4,174,396.9,,17.4,13.09
24.2,0.08826,,24.2,0,,24.2,10.81,,24.2,0,0,,24.2,41.3,0.413,,24.2,64.17,6.417,,24.2,6.6,,24.2,5.2873,,24.2,4,,24.2,242,305,,24.2,19.2,,24.2,242,383.73,,24.2,6.72
22.8,0.09164,,22.8,0,,22.8,10.81,,22.8,0,0,,22.8,41.3,0.413,,22.8,60.65,6.065,,22.8,7.8,,22.8,5.2873,,22.8,4,,22.8,228,305,,22.8,19.2,,22.8,228,390.91,,22.8,5.52
23.4,0.19539,,23.4,0,,23.4,10.81,,23.4,0,0,,23.4,41.3,0.413,,23.4,62.45,6.245,,23.4,6.2,,23.4,5.2873,,23.4,4,,23.4,234,305,,23.4,19.2,,23.4,234,377.17,,23.4,7.54
24.1,0.07896,,24.1,0,,24.1,12.83,,24.1,0,0,,24.1,43.7,0.437,,24.1,62.73,6.273,,24.1,6,,24.1,4.2515,,24.1,5,,24.1,241,398,,24.1,18.7,,24.1,241,394.92,,24.1,6.78
21.4,0.09512,,21.4,0,,21.4,12.83,,21.4,0,0,,21.4,43.7,0.437,,21.4,62.86,6.286,,21.4,45,,21.4,4.5026,,21.4,5,,21.4,214,398,,21.4,18.7,,21.4,214,383.23,,21.4,8.94
20,0.10153,,20,0,,20,12.83,,20,0,0,,20,43.7,0.437,,20,62.79,6.279,,20,74.5,,20,4.0522,,20,5,,20,200,398,,20,18.7,,20,200,373.66,,20,11.97
20.8,0.08707,,20.8,0,,20.8,12.83,,20.8,0,0,,20.8,43.7,0.437,,20.8,61.4,6.14,,20.8,45.8,,20.8,4.0905,,20.8,5,,20.8,208,398,,20.8,18.7,,20.8,208,386.96,,20.8,10.27
28,0.04113,,28,25,,28,4.86,,28,0,0,,28,42.6,0.426,,28,67.27,6.727,,28,33.5,,28,5.4007,,28,4,,28,280,281,,28,19,,28,280,396.9,,28,5.29
23.9,0.04462,,23.9,25,,23.9,4.86,,23.9,0,0,,23.9,42.6,0.426,,23.9,66.19,6.619,,23.9,70.4,,23.9,5.4007,,23.9,4,,23.9,239,281,,23.9,19,,23.9,239,395.63,,23.9,7.22
22.9,0.03551,,22.9,25,,22.9,4.86,,22.9,0,0,,22.9,42.6,0.426,,22.9,61.67,6.167,,22.9,46.7,,22.9,5.4007,,22.9,4,,22.9,229,281,,22.9,19,,22.9,229,390.64,,22.9,7.51
23.9,0.05059,,23.9,0,,23.9,4.49,,23.9,0,0,,23.9,44.9,0.449,,23.9,63.89,6.389,,23.9,48,,23.9,4.7794,,23.9,3,,23.9,239,247,,23.9,18.5,,23.9,239,396.9,,23.9,9.62
26.6,0.05735,,26.6,0,,26.6,4.49,,26.6,0,0,,26.6,44.9,0.449,,26.6,66.3,6.63,,26.6,56.1,,26.6,4.4377,,26.6,3,,26.6,266,247,,26.6,18.5,,26.6,266,392.3,,26.6,6.53
22.5,0.05188,,22.5,0,,22.5,4.49,,22.5,0,0,,22.5,44.9,0.449,,22.5,60.15,6.015,,22.5,45.1,,22.5,4.4272,,22.5,3,,22.5,225,247,,22.5,18.5,,22.5,225,395.99,,22.5,12.86
22.2,0.07151,,22.2,0,,22.2,4.49,,22.2,0,0,,22.2,44.9,0.449,,22.2,61.21,6.121,,22.2,56.8,,22.2,3.7476,,22.2,3,,22.2,222,247,,22.2,18.5,,22.2,222,395.15,,22.2,8.44
23.6,0.0566,,23.6,0,,23.6,3.41,,23.6,0,0,,23.6,48.9,0.489,,23.6,70.07,7.007,,23.6,86.3,,23.6,3.4217,,23.6,2,,23.6,236,270,,23.6,17.8,,23.6,236,396.9,,23.6,5.5
28.7,0.05302,,28.7,0,,28.7,3.41,,28.7,0,0,,28.7,48.9,0.489,,28.7,70.79,7.079,,28.7,63.1,,28.7,3.4145,,28.7,2,,28.7,287,270,,28.7,17.8,,28.7,287,396.06,,28.7,5.7
22.6,0.04684,,22.6,0,,22.6,3.41,,22.6,0,0,,22.6,48.9,0.489,,22.6,64.17,6.417,,22.6,66.1,,22.6,3.0923,,22.6,2,,22.6,226,270,,22.6,17.8,,22.6,226,392.18,,22.6,8.81
25,0.02875,,25,28,,25,15.04,,25,0,0,,25,46.4,0.464,,25,62.11,6.211,,25,28.9,,25,3.6659,,25,4,,25,250,270,,25,18.2,,25,250,396.33,,25,6.21
20.6,0.04294,,20.6,28,,20.6,15.04,,20.6,0,0,,20.6,46.4,0.464,,20.6,62.49,6.249,,20.6,77.3,,20.6,3.615,,20.6,4,,20.6,206,270,,20.6,18.2,,20.6,206,396.9,,20.6,10.59
21.4,0.11504,,21.4,0,,21.4,2.89,,21.4,0,0,,21.4,44.5,0.445,,21.4,61.63,6.163,,21.4,69.6,,21.4,3.4952,,21.4,2,,21.4,214,276,,21.4,18,,21.4,214,391.83,,21.4,11.34
27.5,0.14866,,27.5,0,,27.5,8.56,,27.5,0,0,,27.5,52,0.52,,27.5,67.27,6.727,,27.5,79.9,,27.5,2.7778,,27.5,5,,27.5,275,384,,27.5,20.9,,27.5,275,394.76,,27.5,9.42
26.5,0.11432,,26.5,0,,26.5,8.56,,26.5,0,0,,26.5,52,0.52,,26.5,67.81,6.781,,26.5,71.3,,26.5,2.8561,,26.5,5,,26.5,265,384,,26.5,20.9,,26.5,265,395.58,,26.5,7.67
18.6,0.22876,,18.6,0,,18.6,8.56,,18.6,0,0,,18.6,52,0.52,,18.6,64.05,6.405,,18.6,85.4,,18.6,2.7147,,18.6,5,,18.6,186,384,,18.6,20.9,,18.6,186,70.8,,18.6,10.63
19.3,0.21161,,19.3,0,,19.3,8.56,,19.3,0,0,,19.3,52,0.52,,19.3,61.37,6.137,,19.3,87.4,,19.3,2.7147,,19.3,5,,19.3,193,384,,19.3,20.9,,19.3,193,394.47,,19.3,13.44
19.5,0.1712,,19.5,0,,19.5,8.56,,19.5,0,0,,19.5,52,0.52,,19.5,58.36,5.836,,19.5,91.9,,19.5,2.211,,19.5,5,,19.5,195,384,,19.5,20.9,,19.5,195,395.67,,19.5,18.66
20.4,0.13117,,20.4,0,,20.4,8.56,,20.4,0,0,,20.4,52,0.52,,20.4,61.27,6.127,,20.4,85.2,,20.4,2.1224,,20.4,5,,20.4,204,384,,20.4,20.9,,20.4,204,387.69,,20.4,14.09
19.8,0.12802,,19.8,0,,19.8,8.56,,19.8,0,0,,19.8,52,0.52,,19.8,64.74,6.474,,19.8,97.1,,19.8,2.4329,,19.8,5,,19.8,198,384,,19.8,20.9,,19.8,198,395.24,,19.8,12.27
19.4,0.26363,,19.4,0,,19.4,8.56,,19.4,0,0,,19.4,52,0.52,,19.4,62.29,6.229,,19.4,91.2,,19.4,2.5451,,19.4,5,,19.4,194,384,,19.4,20.9,,19.4,194,391.23,,19.4,15.55
22.8,0.10084,,22.8,0,,22.8,10.01,,22.8,0,0,,22.8,54.7,0.547,,22.8,67.15,6.715,,22.8,81.6,,22.8,2.6775,,22.8,6,,22.8,228,432,,22.8,17.8,,22.8,228,395.59,,22.8,10.16
18.5,0.14231,,18.5,0,,18.5,10.01,,18.5,0,0,,18.5,54.7,0.547,,18.5,62.54,6.254,,18.5,84.2,,18.5,2.2565,,18.5,6,,18.5,185,432,,18.5,17.8,,18.5,185,388.74,,18.5,10.45
21.2,0.13158,,21.2,0,,21.2,10.01,,21.2,0,0,,21.2,54.7,0.547,,21.2,61.76,6.176,,21.2,72.5,,21.2,2.7301,,21.2,6,,21.2,212,432,,21.2,17.8,,21.2,212,393.3,,21.2,12.04
19.2,0.15098,,19.2,0,,19.2,10.01,,19.2,0,0,,19.2,54.7,0.547,,19.2,60.21,6.021,,19.2,82.6,,19.2,2.7474,,19.2,6,,19.2,192,432,,19.2,17.8,,19.2,192,394.51,,19.2,10.3
20.4,0.13058,,20.4,0,,20.4,10.01,,20.4,0,0,,20.4,54.7,0.547,,20.4,58.72,5.872,,20.4,73.1,,20.4,2.4775,,20.4,6,,20.4,204,432,,20.4,17.8,,20.4,204,338.63,,20.4,15.37
19.3,0.14476,,19.3,0,,19.3,10.01,,19.3,0,0,,19.3,54.7,0.547,,19.3,57.31,5.731,,19.3,65.2,,19.3,2.7592,,19.3,6,,19.3,193,432,,19.3,17.8,,19.3,193,391.5,,19.3,13.61
22,0.06899,,22,0,,22,25.65,,22,0,0,,22,58.1,0.581,,22,58.7,5.87,,22,69.7,,22,2.2577,,22,2,,22,220,188,,22,19.1,,22,220,389.15,,22,14.37
20.3,0.07165,,20.3,0,,20.3,25.65,,20.3,0,0,,20.3,58.1,0.581,,20.3,60.04,6.004,,20.3,84.1,,20.3,2.1974,,20.3,2,,20.3,203,188,,20.3,19.1,,20.3,203,377.67,,20.3,14.27
20.5,0.09299,,20.5,0,,20.5,25.65,,20.5,0,0,,20.5,58.1,0.581,,20.5,59.61,5.961,,20.5,92.9,,20.5,2.0869,,20.5,2,,20.5,205,188,,20.5,19.1,,20.5,205,378.09,,20.5,17.93
17.3,0.15038,,17.3,0,,17.3,25.65,,17.3,0,0,,17.3,58.1,0.581,,17.3,58.56,5.856,,17.3,97,,17.3,1.9444,,17.3,2,,17.3,173,188,,17.3,19.1,,17.3,173,370.31,,17.3,25.41
18.8,0.09849,,18.8,0,,18.8,25.65,,18.8,0,0,,18.8,58.1,0.581,,18.8,58.79,5.879,,18.8,95.8,,18.8,2.0063,,18.8,2,,18.8,188,188,,18.8,19.1,,18.8,188,379.38,,18.8,17.58
15.7,0.38735,,15.7,0,,15.7,25.65,,15.7,0,0,,15.7,58.1,0.581,,15.7,56.13,5.613,,15.7,95.6,,15.7,1.7572,,15.7,2,,15.7,157,188,,15.7,19.1,,15.7,157,359.29,,15.7,27.26
16.2,0.25915,,16.2,0,,16.2,21.89,,16.2,0,0,,16.2,62.4,0.624,,16.2,56.93,5.693,,16.2,96,,16.2,1.7883,,16.2,4,,16.2,162,437,,16.2,21.2,,16.2,162,392.11,,16.2,17.19
18,0.32543,,18,0,,18,21.89,,18,0,0,,18,62.4,0.624,,18,64.31,6.431,,18,98.8,,18,1.8125,,18,4,,18,180,437,,18,21.2,,18,180,396.9,,18,15.39
19.6,1.19294,,19.6,0,,19.6,21.89,,19.6,0,0,,19.6,62.4,0.624,,19.6,63.26,6.326,,19.6,97.7,,19.6,2.271,,19.6,4,,19.6,196,437,,19.6,21.2,,19.6,196,396.9,,19.6,12.26
18.4,0.32982,,18.4,0,,18.4,21.89,,18.4,0,0,,18.4,62.4,0.624,,18.4,58.22,5.822,,18.4,95.4,,18.4,2.4699,,18.4,4,,18.4,184,437,,18.4,21.2,,18.4,184,388.69,,18.4,15.03
15.6,0.97617,,15.6,0,,15.6,21.89,,15.6,0,0,,15.6,62.4,0.624,,15.6,57.57,5.757,,15.6,98.4,,15.6,2.346,,15.6,4,,15.6,156,437,,15.6,21.2,,15.6,156,262.76,,15.6,17.31
17.4,0.32264,,17.4,0,,17.4,21.89,,17.4,0,0,,17.4,62.4,0.624,,17.4,59.42,5.942,,17.4,93.5,,17.4,1.9669,,17.4,4,,17.4,174,437,,17.4,21.2,,17.4,174,378.25,,17.4,16.9
17.1,0.35233,,17.1,0,,17.1,21.89,,17.1,0,0,,17.1,62.4,0.624,,17.1,64.54,6.454,,17.1,98.4,,17.1,1.8498,,17.1,4,,17.1,171,437,,17.1,21.2,,17.1,171,394.08,,17.1,14.59
13.3,0.2498,,13.3,0,,13.3,21.89,,13.3,0,0,,13.3,62.4,0.624,,13.3,58.57,5.857,,13.3,98.2,,13.3,1.6686,,13.3,4,,13.3,133,437,,13.3,21.2,,13.3,133,392.04,,13.3,21.32
17.8,0.54452,,17.8,0,,17.8,21.89,,17.8,0,0,,17.8,62.4,0.624,,17.8,61.51,6.151,,17.8,97.9,,17.8,1.6687,,17.8,4,,17.8,178,437,,17.8,21.2,,17.8,178,396.9,,17.8,18.46
14.4,1.62864,,14.4,0,,14.4,21.89,,14.4,0,0,,14.4,62.4,0.624,,14.4,50.19,5.019,,14.4,100,,14.4,1.4394,,14.4,4,,14.4,144,437,,14.4,21.2,,14.4,144,396.9,,14.4,34.41
13.4,3.32105,,13.4,0,,13.4,19.58,,13.4,10,1,,13.4,87.1,0.871,,13.4,54.03,5.403,,13.4,100,,13.4,1.3216,,13.4,5,,13.4,134,403,,13.4,14.7,,13.4,134,396.9,,13.4,26.82
13.8,2.37934,,13.8,0,,13.8,19.58,,13.8,0,0,,13.8,87.1,0.871,,13.8,61.3,6.13,,13.8,100,,13.8,1.4191,,13.8,5,,13.8,138,403,,13.8,14.7,,13.8,138,172.91,,13.8,27.8
14.6,2.36862,,14.6,0,,14.6,19.58,,14.6,0,0,,14.6,87.1,0.871,,14.6,49.26,4.926,,14.6,95.7,,14.6,1.4608,,14.6,5,,14.6,146,403,,14.6,14.7,,14.6,146,391.71,,14.6,29.53
17.8,2.33099,,17.8,0,,17.8,19.58,,17.8,0,0,,17.8,87.1,0.871,,17.8,51.86,5.186,,17.8,93.8,,17.8,1.5296,,17.8,5,,17.8,178,403,,17.8,14.7,,17.8,178,356.99,,17.8,28.32
15.4,2.73397,,15.4,0,,15.4,19.58,,15.4,0,0,,15.4,87.1,0.871,,15.4,55.97,5.597,,15.4,94.9,,15.4,1.5257,,15.4,5,,15.4,154,403,,15.4,14.7,,15.4,154,351.85,,15.4,21.45
21.5,1.6566,,21.5,0,,21.5,19.58,,21.5,0,0,,21.5,87.1,0.871,,21.5,61.22,6.122,,21.5,97.3,,21.5,1.618,,21.5,5,,21.5,215,403,,21.5,14.7,,21.5,215,372.8,,21.5,14.1
19.4,2.14918,,19.4,0,,19.4,19.58,,19.4,0,0,,19.4,87.1,0.871,,19.4,57.09,5.709,,19.4,98.5,,19.4,1.6232,,19.4,5,,19.4,194,403,,19.4,14.7,,19.4,194,261.95,,19.4,15.79
17,1.41385,,17,0,,17,19.58,,17,10,1,,17,87.1,0.871,,17,61.29,6.129,,17,96,,17,1.7494,,17,5,,17,170,403,,17,14.7,,17,170,321.02,,17,15.12
13.1,2.44668,,13.1,0,,13.1,19.58,,13.1,0,0,,13.1,87.1,0.871,,13.1,52.72,5.272,,13.1,94,,13.1,1.7364,,13.1,5,,13.1,131,403,,13.1,14.7,,13.1,131,88.63,,13.1,16.14
24.3,1.34284,,24.3,0,,24.3,19.58,,24.3,0,0,,24.3,60.5,0.605,,24.3,60.66,6.066,,24.3,100,,24.3,1.7573,,24.3,5,,24.3,243,403,,24.3,14.7,,24.3,243,353.89,,24.3,6.43
23.3,1.42502,,23.3,0,,23.3,19.58,,23.3,0,0,,23.3,87.1,0.871,,23.3,65.1,6.51,,23.3,100,,23.3,1.7659,,23.3,5,,23.3,233,403,,23.3,14.7,,23.3,233,364.31,,23.3,7.39
27,1.27346,,27,0,,27,19.58,,27,10,1,,27,60.5,0.605,,27,62.5,6.25,,27,92.6,,27,1.7984,,27,5,,27,270,403,,27,14.7,,27,270,338.92,,27,5.5
50,1.46336,,50,0,,50,19.58,,50,0,0,,50,60.5,0.605,,50,74.89,7.489,,50,90.8,,50,1.9709,,50,5,,50,500,403,,50,14.7,,50,500,374.43,,50,1.73
50,1.51902,,50,0,,50,19.58,,50,10,1,,50,60.5,0.605,,50,83.75,8.375,,50,93.9,,50,2.162,,50,5,,50,500,403,,50,14.7,,50,500,388.45,,50,3.32
22.7,2.24236,,22.7,0,,22.7,19.58,,22.7,0,0,,22.7,60.5,0.605,,22.7,58.54,5.854,,22.7,91.8,,22.7,2.422,,22.7,5,,22.7,227,403,,22.7,14.7,,22.7,227,395.11,,22.7,11.64
25,2.924,,25,0,,25,19.58,,25,0,0,,25,60.5,0.605,,25,61.01,6.101,,25,93,,25,2.2834,,25,5,,25,250,403,,25,14.7,,25,250,240.16,,25,9.81
50,2.01019,,50,0,,50,19.58,,50,0,0,,50,60.5,0.605,,50,79.29,7.929,,50,96.2,,50,2.0459,,50,5,,50,500,403,,50,14.7,,50,500,369.3,,50,3.7
23.8,1.80028,,23.8,0,,23.8,19.58,,23.8,0,0,,23.8,60.5,0.605,,23.8,58.77,5.877,,23.8,79.2,,23.8,2.4259,,23.8,5,,23.8,238,403,,23.8,14.7,,23.8,238,227.61,,23.8,12.14
22.3,2.44953,,22.3,0,,22.3,19.58,,22.3,0,0,,22.3,60.5,0.605,,22.3,64.02,6.402,,22.3,95.2,,22.3,2.2625,,22.3,5,,22.3,223,403,,22.3,14.7,,22.3,223,330.04,,22.3,11.32
17.4,1.20742,,17.4,0,,17.4,19.58,,17.4,0,0,,17.4,60.5,0.605,,17.4,58.75,5.875,,17.4,94.6,,17.4,2.4259,,17.4,5,,17.4,174,403,,17.4,14.7,,17.4,174,292.29,,17.4,14.43
19.1,2.3139,,19.1,0,,19.1,19.58,,19.1,0,0,,19.1,60.5,0.605,,19.1,58.8,5.88,,19.1,97.3,,19.1,2.3887,,19.1,5,,19.1,191,403,,19.1,14.7,,19.1,191,348.13,,19.1,12.03
23.1,0.13914,,23.1,0,,23.1,4.05,,23.1,0,0,,23.1,51,0.51,,23.1,55.72,5.572,,23.1,88.5,,23.1,2.5961,,23.1,5,,23.1,231,296,,23.1,16.6,,23.1,231,396.9,,23.1,14.69
23.6,0.09178,,23.6,0,,23.6,4.05,,23.6,0,0,,23.6,51,0.51,,23.6,64.16,6.416,,23.6,84.1,,23.6,2.6463,,23.6,5,,23.6,236,296,,23.6,16.6,,23.6,236,395.5,,23.6,9.04
22.6,0.08447,,22.6,0,,22.6,4.05,,22.6,0,0,,22.6,51,0.51,,22.6,58.59,5.859,,22.6,68.7,,22.6,2.7019,,22.6,5,,22.6,226,296,,22.6,16.6,,22.6,226,393.23,,22.6,9.64
29.4,0.06664,,29.4,0,,29.4,4.05,,29.4,0,0,,29.4,51,0.51,,29.4,65.46,6.546,,29.4,33.1,,29.4,3.1323,,29.4,5,,29.4,294,296,,29.4,16.6,,29.4,294,390.96,,29.4,5.33
23.2,0.07022,,23.2,0,,23.2,4.05,,23.2,0,0,,23.2,51,0.51,,23.2,60.2,6.02,,23.2,47.2,,23.2,3.5549,,23.2,5,,23.2,232,296,,23.2,16.6,,23.2,232,393.23,,23.2,10.11
24.6,0.05425,,24.6,0,,24.6,4.05,,24.6,0,0,,24.6,51,0.51,,24.6,63.15,6.315,,24.6,73.4,,24.6,3.3175,,24.6,5,,24.6,246,296,,24.6,16.6,,24.6,246,395.6,,24.6,6.29
29.9,0.06642,,29.9,0,,29.9,4.05,,29.9,0,0,,29.9,51,0.51,,29.9,68.6,6.86,,29.9,74.4,,29.9,2.9153,,29.9,5,,29.9,299,296,,29.9,16.6,,29.9,299,391.27,,29.9,6.92
37.2,0.0578,,37.2,0,,37.2,2.46,,37.2,0,0,,37.2,48.8,0.488,,37.2,69.8,6.98,,37.2,58.4,,37.2,2.829,,37.2,3,,37.2,372,193,,37.2,17.8,,37.2,372,396.9,,37.2,5.04
39.8,0.06588,,39.8,0,,39.8,2.46,,39.8,0,0,,39.8,48.8,0.488,,39.8,77.65,7.765,,39.8,83.3,,39.8,2.741,,39.8,3,,39.8,398,193,,39.8,17.8,,39.8,398,395.56,,39.8,7.56
36.2,0.06888,,36.2,0,,36.2,2.46,,36.2,0,0,,36.2,48.8,0.488,,36.2,61.44,6.144,,36.2,62.2,,36.2,2.5979,,36.2,3,,36.2,362,193,,36.2,17.8,,36.2,362,396.9,,36.2,9.45
37.9,0.09103,,37.9,0,,37.9,2.46,,37.9,0,0,,37.9,48.8,0.488,,37.9,71.55,7.155,,37.9,92.2,,37.9,2.7006,,37.9,3,,37.9,379,193,,37.9,17.8,,37.9,379,394.12,,37.9,4.82
32.5,0.10008,,32.5,0,,32.5,2.46,,32.5,0,0,,32.5,48.8,0.488,,32.5,65.63,6.563,,32.5,95.6,,32.5,2.847,,32.5,3,,32.5,325,193,,32.5,17.8,,32.5,325,396.9,,32.5,5.68
50,0.05602,,50,0,,50,2.46,,50,0,0,,50,48.8,0.488,,50,78.31,7.831,,50,53.6,,50,3.1992,,50,3,,50,500,193,,50,17.8,,50,500,392.63,,50,4.45
32,0.07875,,32,45,,32,3.44,,32,0,0,,32,43.7,0.437,,32,67.82,6.782,,32,41.1,,32,3.7886,,32,5,,32,320,398,,32,15.2,,32,320,393.87,,32,6.68
34.9,0.0837,,34.9,45,,34.9,3.44,,34.9,0,0,,34.9,43.7,0.437,,34.9,71.85,7.185,,34.9,38.9,,34.9,4.5667,,34.9,5,,34.9,349,398,,34.9,15.2,,34.9,349,396.9,,34.9,5.39
37,0.09068,,37,45,,37,3.44,,37,0,0,,37,43.7,0.437,,37,69.51,6.951,,37,21.5,,37,6.4798,,37,5,,37,370,398,,37,15.2,,37,370,377.68,,37,5.1
30.5,0.06911,,30.5,45,,30.5,3.44,,30.5,0,0,,30.5,43.7,0.437,,30.5,67.39,6.739,,30.5,30.8,,30.5,6.4798,,30.5,5,,30.5,305,398,,30.5,15.2,,30.5,305,389.71,,30.5,4.69
36.4,0.08664,,36.4,45,,36.4,3.44,,36.4,0,0,,36.4,43.7,0.437,,36.4,71.78,7.178,,36.4,26.3,,36.4,6.4798,,36.4,5,,36.4,364,398,,36.4,15.2,,36.4,364,390.49,,36.4,2.87
31.1,0.02187,,31.1,60,,31.1,2.93,,31.1,0,0,,31.1,40.1,0.401,,31.1,68,6.8,,31.1,9.9,,31.1,6.2196,,31.1,1,,31.1,311,265,,31.1,15.6,,31.1,311,393.37,,31.1,5.03
29.1,0.01439,,29.1,60,,29.1,2.93,,29.1,0,0,,29.1,40.1,0.401,,29.1,66.04,6.604,,29.1,18.8,,29.1,6.2196,,29.1,1,,29.1,291,265,,29.1,15.6,,29.1,291,376.7,,29.1,4.38
30.3,0.04666,,30.3,80,,30.3,1.52,,30.3,0,0,,30.3,40.4,0.404,,30.3,71.07,7.107,,30.3,36.6,,30.3,7.309,,30.3,2,,30.3,303,329,,30.3,12.6,,30.3,303,354.31,,30.3,8.61
32.9,0.01778,,32.9,95,,32.9,1.47,,32.9,0,0,,32.9,40.3,0.403,,32.9,71.35,7.135,,32.9,13.9,,32.9,7.6534,,32.9,3,,32.9,329,402,,32.9,17,,32.9,329,384.3,,32.9,4.45
24.1,0.03445,,24.1,82.5,,24.1,2.03,,24.1,0,0,,24.1,41.5,0.415,,24.1,61.62,6.162,,24.1,38.4,,24.1,6.27,,24.1,2,,24.1,241,348,,24.1,14.7,,24.1,241,393.77,,24.1,7.43
48.5,0.0351,,48.5,95,,48.5,2.68,,48.5,0,0,,48.5,41.61,0.4161,,48.5,78.53,7.853,,48.5,33.2,,48.5,5.118,,48.5,4,,48.5,485,224,,48.5,14.7,,48.5,485,392.78,,48.5,3.81
50,0.02009,,50,95,,50,2.68,,50,0,0,,50,41.61,0.4161,,50,80.34,8.034,,50,31.9,,50,5.118,,50,4,,50,500,224,,50,14.7,,50,500,390.55,,50,2.88
22.6,0.13642,,22.6,0,,22.6,10.59,,22.6,0,0,,22.6,48.9,0.489,,22.6,58.91,5.891,,22.6,22.3,,22.6,3.9454,,22.6,4,,22.6,226,277,,22.6,18.6,,22.6,226,396.9,,22.6,10.87
24.4,0.22969,,24.4,0,,24.4,10.59,,24.4,0,0,,24.4,48.9,0.489,,24.4,63.26,6.326,,24.4,52.5,,24.4,4.3549,,24.4,4,,24.4,244,277,,24.4,18.6,,24.4,244,394.87,,24.4,10.97
24.4,0.13587,,24.4,0,,24.4,10.59,,24.4,10,1,,24.4,48.9,0.489,,24.4,60.64,6.064,,24.4,59.1,,24.4,4.2392,,24.4,4,,24.4,244,277,,24.4,18.6,,24.4,244,381.32,,24.4,14.66
19.3,0.37578,,19.3,0,,19.3,10.59,,19.3,10,1,,19.3,48.9,0.489,,19.3,54.04,5.404,,19.3,88.6,,19.3,3.665,,19.3,4,,19.3,193,277,,19.3,18.6,,19.3,193,395.24,,19.3,23.98
28.1,0.14052,,28.1,0,,28.1,10.59,,28.1,0,0,,28.1,48.9,0.489,,28.1,63.75,6.375,,28.1,32.3,,28.1,3.9454,,28.1,4,,28.1,281,277,,28.1,18.6,,28.1,281,385.81,,28.1,9.38
23.7,0.28955,,23.7,0,,23.7,10.59,,23.7,0,0,,23.7,48.9,0.489,,23.7,54.12,5.412,,23.7,9.8,,23.7,3.5875,,23.7,4,,23.7,237,277,,23.7,18.6,,23.7,237,348.93,,23.7,29.55
23.3,0.0456,,23.3,0,,23.3,13.89,,23.3,10,1,,23.3,55,0.55,,23.3,58.88,5.888,,23.3,56,,23.3,3.1121,,23.3,5,,23.3,233,276,,23.3,16.4,,23.3,233,392.8,,23.3,13.51
21.7,0.40771,,21.7,0,,21.7,6.2,,21.7,10,1,,21.7,50.7,0.507,,21.7,61.64,6.164,,21.7,91.3,,21.7,3.048,,21.7,8,,21.7,217,307,,21.7,17.4,,21.7,217,395.24,,21.7,21.46
27.5,0.62356,,27.5,0,,27.5,6.2,,27.5,10,1,,27.5,50.7,0.507,,27.5,68.79,6.879,,27.5,77.7,,27.5,3.2721,,27.5,8,,27.5,275,307,,27.5,17.4,,27.5,275,390.39,,27.5,9.93
30.1,0.6147,,30.1,0,,30.1,6.2,,30.1,0,0,,30.1,50.7,0.507,,30.1,66.18,6.618,,30.1,80.8,,30.1,3.2721,,30.1,8,,30.1,301,307,,30.1,17.4,,30.1,301,396.9,,30.1,7.6
44.8,0.31533,,44.8,0,,44.8,6.2,,44.8,0,0,,44.8,50.4,0.504,,44.8,82.66,8.266,,44.8,78.3,,44.8,2.8944,,44.8,8,,44.8,448,307,,44.8,17.4,,44.8,448,385.05,,44.8,4.14
50,0.52693,,50,0,,50,6.2,,50,0,0,,50,50.4,0.504,,50,87.25,8.725,,50,83,,50,2.8944,,50,8,,50,500,307,,50,17.4,,50,500,382,,50,4.63
37.6,0.38214,,37.6,0,,37.6,6.2,,37.6,0,0,,37.6,50.4,0.504,,37.6,80.4,8.04,,37.6,86.5,,37.6,3.2157,,37.6,8,,37.6,376,307,,37.6,17.4,,37.6,376,387.38,,37.6,3.13
31.6,0.41238,,31.6,0,,31.6,6.2,,31.6,0,0,,31.6,50.4,0.504,,31.6,71.63,7.163,,31.6,79.9,,31.6,3.2157,,31.6,8,,31.6,316,307,,31.6,17.4,,31.6,316,372.08,,31.6,6.36
31.5,0.44178,,31.5,0,,31.5,6.2,,31.5,0,0,,31.5,50.4,0.504,,31.5,65.52,6.552,,31.5,21.4,,31.5,3.3751,,31.5,8,,31.5,315,307,,31.5,17.4,,31.5,315,380.34,,31.5,3.76
24.3,0.537,,24.3,0,,24.3,6.2,,24.3,0,0,,24.3,50.4,0.504,,24.3,59.81,5.981,,24.3,68.1,,24.3,3.6715,,24.3,8,,24.3,243,307,,24.3,17.4,,24.3,243,378.35,,24.3,11.65
41.7,0.57529,,41.7,0,,41.7,6.2,,41.7,0,0,,41.7,50.7,0.507,,41.7,83.37,8.337,,41.7,73.3,,41.7,3.8384,,41.7,8,,41.7,417,307,,41.7,17.4,,41.7,417,385.91,,41.7,2.47
48.3,0.33147,,48.3,0,,48.3,6.2,,48.3,0,0,,48.3,50.7,0.507,,48.3,82.47,8.247,,48.3,70.4,,48.3,3.6519,,48.3,8,,48.3,483,307,,48.3,17.4,,48.3,483,378.95,,48.3,3.95
29,0.44791,,29,0,,29,6.2,,29,10,1,,29,50.7,0.507,,29,67.26,6.726,,29,66.5,,29,3.6519,,29,8,,29,290,307,,29,17.4,,29,290,360.2,,29,8.05
24,0.33045,,24,0,,24,6.2,,24,0,0,,24,50.7,0.507,,24,60.86,6.086,,24,61.5,,24,3.6519,,24,8,,24,240,307,,24,17.4,,24,240,376.75,,24,10.88
25.1,0.52058,,25.1,0,,25.1,6.2,,25.1,10,1,,25.1,50.7,0.507,,25.1,66.31,6.631,,25.1,76.5,,25.1,4.148,,25.1,8,,25.1,251,307,,25.1,17.4,,25.1,251,388.45,,25.1,9.54
22,0.11329,,22,30,,22,4.93,,22,0,0,,22,42.8,0.428,,22,68.97,6.897,,22,54.3,,22,6.3361,,22,6,,22,220,300,,22,16.6,,22,220,391.25,,22,11.38
22.2,0.1029,,22.2,30,,22.2,4.93,,22.2,0,0,,22.2,42.8,0.428,,22.2,63.58,6.358,,22.2,52.9,,22.2,7.0355,,22.2,6,,22.2,222,300,,22.2,16.6,,22.2,222,372.75,,22.2,11.22
23.7,0.12757,,23.7,30,,23.7,4.93,,23.7,0,0,,23.7,42.8,0.428,,23.7,63.93,6.393,,23.7,7.8,,23.7,7.0355,,23.7,6,,23.7,237,300,,23.7,16.6,,23.7,237,374.71,,23.7,5.19
17.6,0.20608,,17.6,22,,17.6,5.86,,17.6,0,0,,17.6,43.1,0.431,,17.6,55.93,5.593,,17.6,76.5,,17.6,7.9549,,17.6,7,,17.6,176,330,,17.6,19.1,,17.6,176,372.49,,17.6,12.5
24.3,0.33983,,24.3,22,,24.3,5.86,,24.3,0,0,,24.3,43.1,0.431,,24.3,61.08,6.108,,24.3,34.9,,24.3,8.0555,,24.3,7,,24.3,243,330,,24.3,19.1,,24.3,243,390.18,,24.3,9.16
24.5,0.16439,,24.5,22,,24.5,5.86,,24.5,0,0,,24.5,43.1,0.431,,24.5,64.33,6.433,,24.5,49.1,,24.5,7.8265,,24.5,7,,24.5,245,330,,24.5,19.1,,24.5,245,374.71,,24.5,9.52
26.2,0.19073,,26.2,22,,26.2,5.86,,26.2,0,0,,26.2,43.1,0.431,,26.2,67.18,6.718,,26.2,17.5,,26.2,7.8265,,26.2,7,,26.2,262,330,,26.2,19.1,,26.2,262,393.74,,26.2,6.56
24.4,0.1403,,24.4,22,,24.4,5.86,,24.4,0,0,,24.4,43.1,0.431,,24.4,64.87,6.487,,24.4,13,,24.4,7.3967,,24.4,7,,24.4,244,330,,24.4,19.1,,24.4,244,396.28,,24.4,5.9
24.8,0.21409,,24.8,22,,24.8,5.86,,24.8,0,0,,24.8,43.1,0.431,,24.8,64.38,6.438,,24.8,8.9,,24.8,7.3967,,24.8,7,,24.8,248,330,,24.8,19.1,,24.8,248,377.07,,24.8,3.59
42.8,0.36894,,42.8,22,,42.8,5.86,,42.8,0,0,,42.8,43.1,0.431,,42.8,82.59,8.259,,42.8,8.4,,42.8,8.9067,,42.8,7,,42.8,428,330,,42.8,19.1,,42.8,428,396.9,,42.8,3.54
33.8,0.54011,,33.8,20,,33.8,3.97,,33.8,0,0,,33.8,64.7,0.647,,33.8,72.03,7.203,,33.8,81.8,,33.8,2.1121,,33.8,5,,33.8,338,264,,33.8,13,,33.8,338,392.8,,33.8,9.59
43.1,0.53412,,43.1,20,,43.1,3.97,,43.1,0,0,,43.1,64.7,0.647,,43.1,75.2,7.52,,43.1,89.4,,43.1,2.1398,,43.1,5,,43.1,431,264,,43.1,13,,43.1,431,388.37,,43.1,7.26
48.8,0.52014,,48.8,20,,48.8,3.97,,48.8,0,0,,48.8,64.7,0.647,,48.8,83.98,8.398,,48.8,91.5,,48.8,2.2885,,48.8,5,,48.8,488,264,,48.8,13,,48.8,488,386.86,,48.8,5.91
31,0.82526,,31,20,,31,3.97,,31,0,0,,31,64.7,0.647,,31,73.27,7.327,,31,94.5,,31,2.0788,,31,5,,31,310,264,,31,13,,31,310,393.42,,31,11.25
36.5,0.55007,,36.5,20,,36.5,3.97,,36.5,0,0,,36.5,64.7,0.647,,36.5,72.06,7.206,,36.5,91.6,,36.5,1.9301,,36.5,5,,36.5,365,264,,36.5,13,,36.5,365,387.89,,36.5,8.1
22.8,0.76162,,22.8,20,,22.8,3.97,,22.8,0,0,,22.8,64.7,0.647,,22.8,55.6,5.56,,22.8,62.8,,22.8,1.9865,,22.8,5,,22.8,228,264,,22.8,13,,22.8,228,392.4,,22.8,10.45
30.7,0.7857,,30.7,20,,30.7,3.97,,30.7,0,0,,30.7,64.7,0.647,,30.7,70.14,7.014,,30.7,84.6,,30.7,2.1329,,30.7,5,,30.7,307,264,,30.7,13,,30.7,307,384.07,,30.7,14.79
43.5,0.5405,,43.5,20,,43.5,3.97,,43.5,0,0,,43.5,57.5,0.575,,43.5,74.7,7.47,,43.5,52.6,,43.5,2.872,,43.5,5,,43.5,435,264,,43.5,13,,43.5,435,390.3,,43.5,3.16
25.2,0.16211,,25.2,20,,25.2,6.96,,25.2,0,0,,25.2,46.4,0.464,,25.2,62.4,6.24,,25.2,16.3,,25.2,4.429,,25.2,3,,25.2,252,223,,25.2,18.6,,25.2,252,396.9,,25.2,6.59
24.4,0.1146,,24.4,20,,24.4,6.96,,24.4,0,0,,24.4,46.4,0.464,,24.4,65.38,6.538,,24.4,58.7,,24.4,3.9175,,24.4,3,,24.4,244,223,,24.4,18.6,,24.4,244,394.96,,24.4,7.73
35.2,0.22188,,35.2,20,,35.2,6.96,,35.2,10,1,,35.2,46.4,0.464,,35.2,76.91,7.691,,35.2,51.8,,35.2,4.3665,,35.2,3,,35.2,352,223,,35.2,18.6,,35.2,352,390.77,,35.2,6.58
32.4,0.05644,,32.4,40,,32.4,6.41,,32.4,10,1,,32.4,44.7,0.447,,32.4,67.58,6.758,,32.4,32.9,,32.4,4.0776,,32.4,4,,32.4,324,254,,32.4,17.6,,32.4,324,396.9,,32.4,3.53
35.1,0.21038,,35.1,20,,35.1,3.33,,35.1,0,0,,35.1,44.29,0.4429,,35.1,68.12,6.812,,35.1,32.2,,35.1,4.1007,,35.1,5,,35.1,351,216,,35.1,14.9,,35.1,351,396.9,,35.1,4.85
35.4,0.03705,,35.4,20,,35.4,3.33,,35.4,0,0,,35.4,44.29,0.4429,,35.4,69.68,6.968,,35.4,37.2,,35.4,5.2447,,35.4,5,,35.4,354,216,,35.4,14.9,,35.4,354,392.23,,35.4,4.59
46,0.06129,,46,20,,46,3.33,,46,10,1,,46,44.29,0.4429,,46,76.45,7.645,,46,49.7,,46,5.2119,,46,5,,46,460,216,,46,14.9,,46,460,377.07,,46,3.01
50,0.01501,,50,90,,50,1.21,,50,10,1,,50,40.1,0.401,,50,79.23,7.923,,50,24.8,,50,5.885,,50,1,,50,500,198,,50,13.6,,50,500,395.52,,50,3.16
32.2,0.00906,,32.2,90,,32.2,2.97,,32.2,0,0,,32.2,40,0.4,,32.2,70.88,7.088,,32.2,20.8,,32.2,7.3073,,32.2,1,,32.2,322,285,,32.2,15.3,,32.2,322,394.72,,32.2,7.85
22,0.01096,,22,55,,22,2.25,,22,0,0,,22,38.9,0.389,,22,64.53,6.453,,22,31.9,,22,7.3073,,22,1,,22,220,300,,22,15.3,,22,220,394.72,,22,8.23
20.1,0.01965,,20.1,80,,20.1,1.76,,20.1,0,0,,20.1,38.5,0.385,,20.1,62.3,6.23,,20.1,31.5,,20.1,9.0892,,20.1,1,,20.1,201,241,,20.1,18.2,,20.1,201,341.6,,20.1,12.93
22.3,0.0459,,22.3,52.5,,22.3,5.32,,22.3,0,0,,22.3,40.5,0.405,,22.3,63.15,6.315,,22.3,45.6,,22.3,7.3172,,22.3,6,,22.3,223,293,,22.3,16.6,,22.3,223,396.9,,22.3,7.6
28.5,0.03502,,28.5,80,,28.5,4.95,,28.5,0,0,,28.5,41.1,0.411,,28.5,68.61,6.861,,28.5,27.9,,28.5,5.1167,,28.5,4,,28.5,285,245,,28.5,19.2,,28.5,285,396.9,,28.5,3.33
27.9,0.03615,,27.9,80,,27.9,4.95,,27.9,0,0,,27.9,41.1,0.411,,27.9,66.3,6.63,,27.9,23.4,,27.9,5.1167,,27.9,4,,27.9,279,245,,27.9,19.2,,27.9,279,396.9,,27.9,4.7
23.9,0.08265,,23.9,0,,23.9,13.92,,23.9,0,0,,23.9,43.7,0.437,,23.9,61.27,6.127,,23.9,18.4,,23.9,5.5027,,23.9,4,,23.9,239,289,,23.9,16,,23.9,239,396.9,,23.9,8.58
27.1,0.05372,,27.1,0,,27.1,13.92,,27.1,0,0,,27.1,43.7,0.437,,27.1,65.49,6.549,,27.1,51,,27.1,5.9604,,27.1,4,,27.1,271,289,,27.1,16,,27.1,271,392.85,,27.1,7.39
20.3,0.14103,,20.3,0,,20.3,13.92,,20.3,0,0,,20.3,43.7,0.437,,20.3,57.9,5.79,,20.3,58,,20.3,6.32,,20.3,4,,20.3,203,289,,20.3,16,,20.3,203,396.9,,20.3,15.84
22,0.03537,,22,34,,22,6.09,,22,0,0,,22,43.3,0.433,,22,65.9,6.59,,22,40.4,,22,5.4917,,22,7,,22,220,329,,22,16.1,,22,220,395.75,,22,9.5
26.4,0.09266,,26.4,34,,26.4,6.09,,26.4,0,0,,26.4,43.3,0.433,,26.4,64.95,6.495,,26.4,18.4,,26.4,5.4917,,26.4,7,,26.4,264,329,,26.4,16.1,,26.4,264,383.61,,26.4,8.67
33.1,0.1,,33.1,34,,33.1,6.09,,33.1,0,0,,33.1,43.3,0.433,,33.1,69.82,6.982,,33.1,17.7,,33.1,5.4917,,33.1,7,,33.1,331,329,,33.1,16.1,,33.1,331,390.43,,33.1,4.86
36.1,0.05515,,36.1,33,,36.1,2.18,,36.1,0,0,,36.1,47.2,0.472,,36.1,72.36,7.236,,36.1,41.1,,36.1,4.022,,36.1,7,,36.1,361,222,,36.1,18.4,,36.1,361,393.68,,36.1,6.93
28.4,0.05479,,28.4,33,,28.4,2.18,,28.4,0,0,,28.4,47.2,0.472,,28.4,66.16,6.616,,28.4,58.1,,28.4,3.37,,28.4,7,,28.4,284,222,,28.4,18.4,,28.4,284,393.36,,28.4,8.93
33.4,0.07503,,33.4,33,,33.4,2.18,,33.4,0,0,,33.4,47.2,0.472,,33.4,74.2,7.42,,33.4,71.9,,33.4,3.0992,,33.4,7,,33.4,334,222,,33.4,18.4,,33.4,334,396.9,,33.4,6.47
22.8,0.49298,,22.8,0,,22.8,9.9,,22.8,0,0,,22.8,54.4,0.544,,22.8,66.35,6.635,,22.8,82.5,,22.8,3.3175,,22.8,4,,22.8,228,304,,22.8,18.4,,22.8,228,396.9,,22.8,4.54
20.3,0.3494,,20.3,0,,20.3,9.9,,20.3,0,0,,20.3,54.4,0.544,,20.3,59.72,5.972,,20.3,76.7,,20.3,3.1025,,20.3,4,,20.3,203,304,,20.3,18.4,,20.3,203,396.24,,20.3,9.97
16.1,2.63548,,16.1,0,,16.1,9.9,,16.1,0,0,,16.1,54.4,0.544,,16.1,49.73,4.973,,16.1,37.8,,16.1,2.5194,,16.1,4,,16.1,161,304,,16.1,18.4,,16.1,161,350.45,,16.1,12.64
22.1,0.79041,,22.1,0,,22.1,9.9,,22.1,0,0,,22.1,54.4,0.544,,22.1,61.22,6.122,,22.1,52.8,,22.1,2.6403,,22.1,4,,22.1,221,304,,22.1,18.4,,22.1,221,396.9,,22.1,5.98
19.4,0.26169,,19.4,0,,19.4,9.9,,19.4,0,0,,19.4,54.4,0.544,,19.4,60.23,6.023,,19.4,90.4,,19.4,2.834,,19.4,4,,19.4,194,304,,19.4,18.4,,19.4,194,396.3,,19.4,11.72
16.2,0.25356,,16.2,0,,16.2,9.9,,16.2,0,0,,16.2,54.4,0.544,,16.2,57.05,5.705,,16.2,77.7,,16.2,3.945,,16.2,4,,16.2,162,304,,16.2,18.4,,16.2,162,396.42,,16.2,11.5
17.8,0.31827,,17.8,0,,17.8,9.9,,17.8,0,0,,17.8,54.4,0.544,,17.8,59.14,5.914,,17.8,83.2,,17.8,3.9986,,17.8,4,,17.8,178,304,,17.8,18.4,,17.8,178,390.7,,17.8,18.33
19.8,0.24522,,19.8,0,,19.8,9.9,,19.8,0,0,,19.8,54.4,0.544,,19.8,57.82,5.782,,19.8,71.7,,19.8,4.0317,,19.8,4,,19.8,198,304,,19.8,18.4,,19.8,198,396.9,,19.8,15.94
23.1,0.40202,,23.1,0,,23.1,9.9,,23.1,0,0,,23.1,54.4,0.544,,23.1,63.82,6.382,,23.1,67.2,,23.1,3.5325,,23.1,4,,23.1,231,304,,23.1,18.4,,23.1,231,395.21,,23.1,10.36
23.8,0.1676,,23.8,0,,23.8,7.38,,23.8,0,0,,23.8,49.3,0.493,,23.8,64.26,6.426,,23.8,52.3,,23.8,4.5404,,23.8,5,,23.8,238,287,,23.8,19.6,,23.8,238,396.9,,23.8,7.2
25,0.34109,,25,0,,25,7.38,,25,0,0,,25,49.3,0.493,,25,64.15,6.415,,25,40.1,,25,4.7211,,25,5,,25,250,287,,25,19.6,,25,250,396.9,,25,6.12
24.6,0.19186,,24.6,0,,24.6,7.38,,24.6,0,0,,24.6,49.3,0.493,,24.6,64.31,6.431,,24.6,14.7,,24.6,5.4159,,24.6,5,,24.6,246,287,,24.6,19.6,,24.6,246,393.68,,24.6,5.08
22.2,0.24103,,22.2,0,,22.2,7.38,,22.2,0,0,,22.2,49.3,0.493,,22.2,60.83,6.083,,22.2,43.7,,22.2,5.4159,,22.2,5,,22.2,222,287,,22.2,19.6,,22.2,222,396.9,,22.2,12.79
19.3,0.06617,,19.3,0,,19.3,3.24,,19.3,0,0,,19.3,46,0.46,,19.3,58.68,5.868,,19.3,25.8,,19.3,5.2146,,19.3,4,,19.3,193,430,,19.3,16.9,,19.3,193,382.44,,19.3,9.97
19.8,0.04544,,19.8,0,,19.8,3.24,,19.8,0,0,,19.8,46,0.46,,19.8,61.44,6.144,,19.8,32.2,,19.8,5.8736,,19.8,4,,19.8,198,430,,19.8,16.9,,19.8,198,368.57,,19.8,9.09
22.2,0.05083,,22.2,0,,22.2,5.19,,22.2,0,0,,22.2,51.5,0.515,,22.2,63.16,6.316,,22.2,38.1,,22.2,6.4584,,22.2,5,,22.2,222,224,,22.2,20.2,,22.2,222,389.71,,22.2,5.68
20.7,0.03738,,20.7,0,,20.7,5.19,,20.7,0,0,,20.7,51.5,0.515,,20.7,63.1,6.31,,20.7,38.5,,20.7,6.4584,,20.7,5,,20.7,207,224,,20.7,20.2,,20.7,207,389.4,,20.7,6.75
19.5,0.03427,,19.5,0,,19.5,5.19,,19.5,0,0,,19.5,51.5,0.515,,19.5,58.69,5.869,,19.5,46.3,,19.5,5.2311,,19.5,5,,19.5,195,224,,19.5,20.2,,19.5,195,396.9,,19.5,9.8
20.6,0.03306,,20.6,0,,20.6,5.19,,20.6,0,0,,20.6,51.5,0.515,,20.6,60.59,6.059,,20.6,37.3,,20.6,4.8122,,20.6,5,,20.6,206,224,,20.6,20.2,,20.6,206,396.14,,20.6,8.51
19,0.05497,,19,0,,19,5.19,,19,0,0,,19,51.5,0.515,,19,59.85,5.985,,19,45.4,,19,4.8122,,19,5,,19,190,224,,19,20.2,,19,190,396.9,,19,9.74
18.7,0.06151,,18.7,0,,18.7,5.19,,18.7,0,0,,18.7,51.5,0.515,,18.7,59.68,5.968,,18.7,58.5,,18.7,4.8122,,18.7,5,,18.7,187,224,,18.7,20.2,,18.7,187,396.9,,18.7,9.29
32.7,0.01301,,32.7,35,,32.7,1.52,,32.7,0,0,,32.7,44.2,0.442,,32.7,72.41,7.241,,32.7,49.3,,32.7,7.0379,,32.7,1,,32.7,327,284,,32.7,15.5,,32.7,327,394.74,,32.7,5.49
16.5,0.02498,,16.5,0,,16.5,1.89,,16.5,0,0,,16.5,51.8,0.518,,16.5,65.4,6.54,,16.5,59.7,,16.5,6.2669,,16.5,1,,16.5,165,422,,16.5,15.9,,16.5,165,389.96,,16.5,8.65
23.9,0.02543,,23.9,55,,23.9,3.78,,23.9,0,0,,23.9,48.4,0.484,,23.9,66.96,6.696,,23.9,56.4,,23.9,5.7321,,23.9,5,,23.9,239,370,,23.9,17.6,,23.9,239,396.9,,23.9,7.18
31.2,0.03049,,31.2,55,,31.2,3.78,,31.2,0,0,,31.2,48.4,0.484,,31.2,68.74,6.874,,31.2,28.1,,31.2,6.4654,,31.2,5,,31.2,312,370,,31.2,17.6,,31.2,312,387.97,,31.2,4.61
23.1,0.0187,,23.1,85,,23.1,4.15,,23.1,0,0,,23.1,42.9,0.429,,23.1,65.16,6.516,,23.1,27.7,,23.1,8.5353,,23.1,4,,23.1,231,351,,23.1,17.9,,23.1,231,392.43,,23.1,6.36
24.5,0.01501,,24.5,80,,24.5,2.01,,24.5,0,0,,24.5,43.5,0.435,,24.5,66.35,6.635,,24.5,29.7,,24.5,8.344,,24.5,4,,24.5,245,280,,24.5,17,,24.5,245,390.94,,24.5,5.99
26.6,0.02899,,26.6,40,,26.6,1.25,,26.6,0,0,,26.6,42.9,0.429,,26.6,69.39,6.939,,26.6,34.5,,26.6,8.7921,,26.6,1,,26.6,266,335,,26.6,19.7,,26.6,266,389.85,,26.6,5.89
18.6,0.07244,,18.6,60,,18.6,1.69,,18.6,0,0,,18.6,41.1,0.411,,18.6,58.84,5.884,,18.6,18.5,,18.6,10.7103,,18.6,4,,18.6,186,411,,18.6,18.3,,18.6,186,392.33,,18.6,7.79
17.8,8.98296,,17.8,0,,17.8,18.1,,17.8,10,1,,17.8,77,0.77,,17.8,62.12,6.212,,17.8,97.4,,17.8,2.1222,,17.8,24,,17.8,178,666,,17.8,20.2,,17.8,178,377.73,,17.8,17.6
21.7,3.8497,,21.7,0,,21.7,18.1,,21.7,10,1,,21.7,77,0.77,,21.7,63.95,6.395,,21.7,91,,21.7,2.5052,,21.7,24,,21.7,217,666,,21.7,20.2,,21.7,217,391.34,,21.7,13.27
22.7,5.20177,,22.7,0,,22.7,18.1,,22.7,10,1,,22.7,77,0.77,,22.7,61.27,6.127,,22.7,83.4,,22.7,2.7227,,22.7,24,,22.7,227,666,,22.7,20.2,,22.7,227,395.43,,22.7,11.48
22.6,4.26131,,22.6,0,,22.6,18.1,,22.6,0,0,,22.6,77,0.77,,22.6,61.12,6.112,,22.6,81.3,,22.6,2.5091,,22.6,24,,22.6,226,666,,22.6,20.2,,22.6,226,390.74,,22.6,12.67
25,4.54192,,25,0,,25,18.1,,25,0,0,,25,77,0.77,,25,63.98,6.398,,25,88,,25,2.5182,,25,24,,25,250,666,,25,20.2,,25,250,374.56,,25,7.79
20.8,3.67822,,20.8,0,,20.8,18.1,,20.8,0,0,,20.8,77,0.77,,20.8,53.62,5.362,,20.8,96.2,,20.8,2.1036,,20.8,24,,20.8,208,666,,20.8,20.2,,20.8,208,380.79,,20.8,10.19
27.5,4.55587,,27.5,0,,27.5,18.1,,27.5,0,0,,27.5,71.8,0.718,,27.5,35.61,3.561,,27.5,87.9,,27.5,1.6132,,27.5,24,,27.5,275,666,,27.5,20.2,,27.5,275,354.7,,27.5,7.12
21.9,3.69695,,21.9,0,,21.9,18.1,,21.9,0,0,,21.9,71.8,0.718,,21.9,49.63,4.963,,21.9,91.4,,21.9,1.7523,,21.9,24,,21.9,219,666,,21.9,20.2,,21.9,219,316.03,,21.9,14
23.1,13.5222,,23.1,0,,23.1,18.1,,23.1,0,0,,23.1,63.1,0.631,,23.1,38.63,3.863,,23.1,100,,23.1,1.5106,,23.1,24,,23.1,231,666,,23.1,20.2,,23.1,231,131.42,,23.1,13.33
50,4.89822,,50,0,,50,18.1,,50,0,0,,50,63.1,0.631,,50,49.7,4.97,,50,100,,50,1.3325,,50,24,,50,500,666,,50,20.2,,50,500,375.52,,50,3.26
50,6.53876,,50,0,,50,18.1,,50,10,1,,50,63.1,0.631,,50,70.16,7.016,,50,97.5,,50,1.2024,,50,24,,50,500,666,,50,20.2,,50,500,392.05,,50,2.96
50,9.2323,,50,0,,50,18.1,,50,0,0,,50,63.1,0.631,,50,62.16,6.216,,50,100,,50,1.1691,,50,24,,50,500,666,,50,20.2,,50,500,366.15,,50,9.53
50,8.26725,,50,0,,50,18.1,,50,10,1,,50,66.8,0.668,,50,58.75,5.875,,50,89.6,,50,1.1296,,50,24,,50,500,666,,50,20.2,,50,500,347.88,,50,8.88
13.8,11.1081,,13.8,0,,13.8,18.1,,13.8,0,0,,13.8,66.8,0.668,,13.8,49.06,4.906,,13.8,100,,13.8,1.1742,,13.8,24,,13.8,138,666,,13.8,20.2,,13.8,138,396.9,,13.8,34.77
13.8,18.4982,,13.8,0,,13.8,18.1,,13.8,0,0,,13.8,66.8,0.668,,13.8,41.38,4.138,,13.8,100,,13.8,1.137,,13.8,24,,13.8,138,666,,13.8,20.2,,13.8,138,396.9,,13.8,37.97
13.9,15.288,,13.9,0,,13.9,18.1,,13.9,0,0,,13.9,67.1,0.671,,13.9,66.49,6.649,,13.9,93.3,,13.9,1.3449,,13.9,24,,13.9,139,666,,13.9,20.2,,13.9,139,363.02,,13.9,23.24
13.3,9.82349,,13.3,0,,13.3,18.1,,13.3,0,0,,13.3,67.1,0.671,,13.3,67.94,6.794,,13.3,98.8,,13.3,1.358,,13.3,24,,13.3,133,666,,13.3,20.2,,13.3,133,396.9,,13.3,21.24
11.3,9.18702,,11.3,0,,11.3,18.1,,11.3,0,0,,11.3,70,0.7,,11.3,55.36,5.536,,11.3,100,,11.3,1.5804,,11.3,24,,11.3,113,666,,11.3,20.2,,11.3,113,396.9,,11.3,23.6
12.3,7.99248,,12.3,0,,12.3,18.1,,12.3,0,0,,12.3,70,0.7,,12.3,55.2,5.52,,12.3,100,,12.3,1.5331,,12.3,24,,12.3,123,666,,12.3,20.2,,12.3,123,396.9,,12.3,24.56
8.8,20.0849,,8.8,0,,8.8,18.1,,8.8,0,0,,8.8,70,0.7,,8.8,43.68,4.368,,8.8,91.2,,8.8,1.4395,,8.8,24,,8.8,88,666,,8.8,20.2,,8.8,88,285.83,,8.8,30.63
10.5,24.3938,,10.5,0,,10.5,18.1,,10.5,0,0,,10.5,70,0.7,,10.5,46.52,4.652,,10.5,100,,10.5,1.4672,,10.5,24,,10.5,105,666,,10.5,20.2,,10.5,105,396.9,,10.5,28.28
7.4,22.5971,,7.4,0,,7.4,18.1,,7.4,0,0,,7.4,70,0.7,,7.4,50,5,,7.4,89.5,,7.4,1.5184,,7.4,24,,7.4,74,666,,7.4,20.2,,7.4,74,396.9,,7.4,31.99
11.5,8.15174,,11.5,0,,11.5,18.1,,11.5,0,0,,11.5,70,0.7,,11.5,53.9,5.39,,11.5,98.9,,11.5,1.7281,,11.5,24,,11.5,115,666,,11.5,20.2,,11.5,115,396.9,,11.5,20.85
23.2,5.29305,,23.2,0,,23.2,18.1,,23.2,0,0,,23.2,70,0.7,,23.2,60.51,6.051,,23.2,82.5,,23.2,2.1678,,23.2,24,,23.2,232,666,,23.2,20.2,,23.2,232,378.38,,23.2,18.76
9.7,11.5779,,9.7,0,,9.7,18.1,,9.7,0,0,,9.7,70,0.7,,9.7,50.36,5.036,,9.7,97,,9.7,1.77,,9.7,24,,9.7,97,666,,9.7,20.2,,9.7,97,396.9,,9.7,25.68
12.7,13.3598,,12.7,0,,12.7,18.1,,12.7,0,0,,12.7,69.3,0.693,,12.7,58.87,5.887,,12.7,94.7,,12.7,1.7821,,12.7,24,,12.7,127,666,,12.7,20.2,,12.7,127,396.9,,12.7,16.35
12.5,5.87205,,12.5,0,,12.5,18.1,,12.5,0,0,,12.5,69.3,0.693,,12.5,64.05,6.405,,12.5,96,,12.5,1.6768,,12.5,24,,12.5,125,666,,12.5,20.2,,12.5,125,396.9,,12.5,19.37
5,38.3518,,5,0,,5,18.1,,5,0,0,,5,69.3,0.693,,5,54.53,5.453,,5,100,,5,1.4896,,5,24,,5,50,666,,5,20.2,,5,50,396.9,,5,30.59
5.6,25.0461,,5.6,0,,5.6,18.1,,5.6,0,0,,5.6,69.3,0.693,,5.6,59.87,5.987,,5.6,100,,5.6,1.5888,,5.6,24,,5.6,56,666,,5.6,20.2,,5.6,56,396.9,,5.6,26.77
7.2,14.2362,,7.2,0,,7.2,18.1,,7.2,0,0,,7.2,69.3,0.693,,7.2,63.43,6.343,,7.2,100,,7.2,1.5741,,7.2,24,,7.2,72,666,,7.2,20.2,,7.2,72,396.9,,7.2,20.32
8.3,24.8017,,8.3,0,,8.3,18.1,,8.3,0,0,,8.3,69.3,0.693,,8.3,53.49,5.349,,8.3,96,,8.3,1.7028,,8.3,24,,8.3,83,666,,8.3,20.2,,8.3,83,396.9,,8.3,19.77
27.9,11.9511,,27.9,0,,27.9,18.1,,27.9,0,0,,27.9,65.9,0.659,,27.9,56.08,5.608,,27.9,100,,27.9,1.2852,,27.9,24,,27.9,279,666,,27.9,20.2,,27.9,279,332.09,,27.9,12.13
17.2,7.40389,,17.2,0,,17.2,18.1,,17.2,0,0,,17.2,59.7,0.597,,17.2,56.17,5.617,,17.2,97.9,,17.2,1.4547,,17.2,24,,17.2,172,666,,17.2,20.2,,17.2,172,314.64,,17.2,26.4
16.3,28.6558,,16.3,0,,16.3,18.1,,16.3,0,0,,16.3,59.7,0.597,,16.3,51.55,5.155,,16.3,100,,16.3,1.5894,,16.3,24,,16.3,163,666,,16.3,20.2,,16.3,163,210.97,,16.3,20.08
7,45.7461,,7,0,,7,18.1,,7,0,0,,7,69.3,0.693,,7,45.19,4.519,,7,100,,7,1.6582,,7,24,,7,70,666,,7,20.2,,7,70,88.27,,7,36.98
7.2,18.0846,,7.2,0,,7.2,18.1,,7.2,0,0,,7.2,67.9,0.679,,7.2,64.34,6.434,,7.2,100,,7.2,1.8347,,7.2,24,,7.2,72,666,,7.2,20.2,,7.2,72,27.25,,7.2,29.05
10.4,25.9406,,10.4,0,,10.4,18.1,,10.4,0,0,,10.4,67.9,0.679,,10.4,53.04,5.304,,10.4,89.1,,10.4,1.6475,,10.4,24,,10.4,104,666,,10.4,20.2,,10.4,104,127.36,,10.4,26.64
8.8,73.5341,,8.8,0,,8.8,18.1,,8.8,0,0,,8.8,67.9,0.679,,8.8,59.57,5.957,,8.8,100,,8.8,1.8026,,8.8,24,,8.8,88,666,,8.8,20.2,,8.8,88,16.45,,8.8,20.62
8.4,11.8123,,8.4,0,,8.4,18.1,,8.4,0,0,,8.4,71.8,0.718,,8.4,68.24,6.824,,8.4,76.5,,8.4,1.794,,8.4,24,,8.4,84,666,,8.4,20.2,,8.4,84,48.45,,8.4,22.74
11.7,8.79212,,11.7,0,,11.7,18.1,,11.7,0,0,,11.7,58.4,0.584,,11.7,55.65,5.565,,11.7,70.6,,11.7,2.0635,,11.7,24,,11.7,117,666,,11.7,20.2,,11.7,117,3.65,,11.7,17.16
8.3,15.8603,,8.3,0,,8.3,18.1,,8.3,0,0,,8.3,67.9,0.679,,8.3,58.96,5.896,,8.3,95.4,,8.3,1.9096,,8.3,24,,8.3,83,666,,8.3,20.2,,8.3,83,7.68,,8.3,24.39
10.9,37.6619,,10.9,0,,10.9,18.1,,10.9,0,0,,10.9,67.9,0.679,,10.9,62.02,6.202,,10.9,78.7,,10.9,1.8629,,10.9,24,,10.9,109,666,,10.9,20.2,,10.9,109,18.82,,10.9,14.52
11,7.36711,,11,0,,11,18.1,,11,0,0,,11,67.9,0.679,,11,61.93,6.193,,11,78.1,,11,1.9356,,11,24,,11,110,666,,11,20.2,,11,110,96.73,,11,21.52
9.5,9.33889,,9.5,0,,9.5,18.1,,9.5,0,0,,9.5,67.9,0.679,,9.5,63.8,6.38,,9.5,95.6,,9.5,1.9682,,9.5,24,,9.5,95,666,,9.5,20.2,,9.5,95,60.72,,9.5,24.08
14.1,10.0623,,14.1,0,,14.1,18.1,,14.1,0,0,,14.1,58.4,0.584,,14.1,68.33,6.833,,14.1,94.3,,14.1,2.0882,,14.1,24,,14.1,141,666,,14.1,20.2,,14.1,141,81.33,,14.1,19.69
16.1,6.44405,,16.1,0,,16.1,18.1,,16.1,0,0,,16.1,58.4,0.584,,16.1,64.25,6.425,,16.1,74.8,,16.1,2.2004,,16.1,24,,16.1,161,666,,16.1,20.2,,16.1,161,97.95,,16.1,12.03
14.3,5.58107,,14.3,0,,14.3,18.1,,14.3,0,0,,14.3,71.3,0.713,,14.3,64.36,6.436,,14.3,87.9,,14.3,2.3158,,14.3,24,,14.3,143,666,,14.3,20.2,,14.3,143,100.19,,14.3,16.22
11.7,13.9134,,11.7,0,,11.7,18.1,,11.7,0,0,,11.7,71.3,0.713,,11.7,62.08,6.208,,11.7,95,,11.7,2.2222,,11.7,24,,11.7,117,666,,11.7,20.2,,11.7,117,100.63,,11.7,15.17
8.7,15.1772,,8.7,0,,8.7,18.1,,8.7,0,0,,8.7,74,0.74,,8.7,61.52,6.152,,8.7,100,,8.7,1.9142,,8.7,24,,8.7,87,666,,8.7,20.2,,8.7,87,9.32,,8.7,26.45
12.8,9.39063,,12.8,0,,12.8,18.1,,12.8,0,0,,12.8,74,0.74,,12.8,56.27,5.627,,12.8,93.9,,12.8,1.8172,,12.8,24,,12.8,128,666,,12.8,20.2,,12.8,128,396.9,,12.8,22.88
10.5,22.0511,,10.5,0,,10.5,18.1,,10.5,0,0,,10.5,74,0.74,,10.5,58.18,5.818,,10.5,92.4,,10.5,1.8662,,10.5,24,,10.5,105,666,,10.5,20.2,,10.5,105,391.45,,10.5,22.11
17.1,9.72418,,17.1,0,,17.1,18.1,,17.1,0,0,,17.1,74,0.74,,17.1,64.06,6.406,,17.1,97.2,,17.1,2.0651,,17.1,24,,17.1,171,666,,17.1,20.2,,17.1,171,385.96,,17.1,19.52
18.4,5.66637,,18.4,0,,18.4,18.1,,18.4,0,0,,18.4,74,0.74,,18.4,62.19,6.219,,18.4,100,,18.4,2.0048,,18.4,24,,18.4,184,666,,18.4,20.2,,18.4,184,395.69,,18.4,16.59
15.4,9.96654,,15.4,0,,15.4,18.1,,15.4,0,0,,15.4,74,0.74,,15.4,64.85,6.485,,15.4,100,,15.4,1.9784,,15.4,24,,15.4,154,666,,15.4,20.2,,15.4,154,386.73,,15.4,18.85
10.8,12.8023,,10.8,0,,10.8,18.1,,10.8,0,0,,10.8,74,0.74,,10.8,58.54,5.854,,10.8,96.6,,10.8,1.8956,,10.8,24,,10.8,108,666,,10.8,20.2,,10.8,108,240.52,,10.8,23.79
11.8,10.6718,,11.8,0,,11.8,18.1,,11.8,0,0,,11.8,74,0.74,,11.8,64.59,6.459,,11.8,94.8,,11.8,1.9879,,11.8,24,,11.8,118,666,,11.8,20.2,,11.8,118,43.06,,11.8,23.98
12.6,9.92485,,12.6,0,,12.6,18.1,,12.6,0,0,,12.6,74,0.74,,12.6,62.51,6.251,,12.6,96.6,,12.6,2.198,,12.6,24,,12.6,126,666,,12.6,20.2,,12.6,126,388.52,,12.6,16.44
14.1,9.32909,,14.1,0,,14.1,18.1,,14.1,0,0,,14.1,71.3,0.713,,14.1,61.85,6.185,,14.1,98.7,,14.1,2.2616,,14.1,24,,14.1,141,666,,14.1,20.2,,14.1,141,396.9,,14.1,18.13
15.2,5.44114,,15.2,0,,15.2,18.1,,15.2,0,0,,15.2,71.3,0.713,,15.2,66.55,6.655,,15.2,98.2,,15.2,2.3552,,15.2,24,,15.2,152,666,,15.2,20.2,,15.2,152,355.29,,15.2,17.73
16.1,5.09017,,16.1,0,,16.1,18.1,,16.1,0,0,,16.1,71.3,0.713,,16.1,62.97,6.297,,16.1,91.8,,16.1,2.3682,,16.1,24,,16.1,161,666,,16.1,20.2,,16.1,161,385.09,,16.1,17.27
17.8,8.24809,,17.8,0,,17.8,18.1,,17.8,0,0,,17.8,71.3,0.713,,17.8,73.93,7.393,,17.8,99.3,,17.8,2.4527,,17.8,24,,17.8,178,666,,17.8,20.2,,17.8,178,375.87,,17.8,16.74
14.1,4.75237,,14.1,0,,14.1,18.1,,14.1,0,0,,14.1,71.3,0.713,,14.1,65.25,6.525,,14.1,86.5,,14.1,2.4358,,14.1,24,,14.1,141,666,,14.1,20.2,,14.1,141,50.92,,14.1,18.13
13.5,8.20058,,13.5,0,,13.5,18.1,,13.5,0,0,,13.5,71.3,0.713,,13.5,59.36,5.936,,13.5,80.3,,13.5,2.7792,,13.5,24,,13.5,135,666,,13.5,20.2,,13.5,135,3.5,,13.5,16.94
14.9,7.75223,,14.9,0,,14.9,18.1,,14.9,0,0,,14.9,71.3,0.713,,14.9,63.01,6.301,,14.9,83.7,,14.9,2.7831,,14.9,24,,14.9,149,666,,14.9,20.2,,14.9,149,272.21,,14.9,16.23
20,6.80117,,20,0,,20,18.1,,20,0,0,,20,71.3,0.713,,20,60.81,6.081,,20,84.4,,20,2.7175,,20,24,,20,200,666,,20,20.2,,20,200,396.9,,20,14.7
16.4,4.81213,,16.4,0,,16.4,18.1,,16.4,0,0,,16.4,71.3,0.713,,16.4,67.01,6.701,,16.4,90,,16.4,2.5975,,16.4,24,,16.4,164,666,,16.4,20.2,,16.4,164,255.23,,16.4,16.42
17.7,3.69311,,17.7,0,,17.7,18.1,,17.7,0,0,,17.7,71.3,0.713,,17.7,63.76,6.376,,17.7,88.4,,17.7,2.5671,,17.7,24,,17.7,177,666,,17.7,20.2,,17.7,177,391.43,,17.7,14.65
19.5,6.65492,,19.5,0,,19.5,18.1,,19.5,0,0,,19.5,71.3,0.713,,19.5,63.17,6.317,,19.5,83,,19.5,2.7344,,19.5,24,,19.5,195,666,,19.5,20.2,,19.5,195,396.9,,19.5,13.99
20.2,5.82115,,20.2,0,,20.2,18.1,,20.2,0,0,,20.2,71.3,0.713,,20.2,65.13,6.513,,20.2,89.9,,20.2,2.8016,,20.2,24,,20.2,202,666,,20.2,20.2,,20.2,202,393.82,,20.2,10.29
21.4,7.83932,,21.4,0,,21.4,18.1,,21.4,0,0,,21.4,65.5,0.655,,21.4,62.09,6.209,,21.4,65.4,,21.4,2.9634,,21.4,24,,21.4,214,666,,21.4,20.2,,21.4,214,396.9,,21.4,13.22
19.9,3.1636,,19.9,0,,19.9,18.1,,19.9,0,0,,19.9,65.5,0.655,,19.9,57.59,5.759,,19.9,48.2,,19.9,3.0665,,19.9,24,,19.9,199,666,,19.9,20.2,,19.9,199,334.4,,19.9,14.13
19,3.77498,,19,0,,19,18.1,,19,0,0,,19,65.5,0.655,,19,59.52,5.952,,19,84.7,,19,2.8715,,19,24,,19,190,666,,19,20.2,,19,190,22.01,,19,17.15
19.1,4.42228,,19.1,0,,19.1,18.1,,19.1,0,0,,19.1,58.4,0.584,,19.1,60.03,6.003,,19.1,94.5,,19.1,2.5403,,19.1,24,,19.1,191,666,,19.1,20.2,,19.1,191,331.29,,19.1,21.32
19.1,15.5757,,19.1,0,,19.1,18.1,,19.1,0,0,,19.1,58,0.58,,19.1,59.26,5.926,,19.1,71,,19.1,2.9084,,19.1,24,,19.1,191,666,,19.1,20.2,,19.1,191,368.74,,19.1,18.13
20.1,13.0751,,20.1,0,,20.1,18.1,,20.1,0,0,,20.1,58,0.58,,20.1,57.13,5.713,,20.1,56.7,,20.1,2.8237,,20.1,24,,20.1,201,666,,20.1,20.2,,20.1,201,396.9,,20.1,14.76
19.6,4.03841,,19.6,0,,19.6,18.1,,19.6,0,0,,19.6,53.2,0.532,,19.6,62.29,6.229,,19.6,90.7,,19.6,3.0993,,19.6,24,,19.6,196,666,,19.6,20.2,,19.6,196,395.33,,19.6,12.87
23.2,3.56868,,23.2,0,,23.2,18.1,,23.2,0,0,,23.2,58,0.58,,23.2,64.37,6.437,,23.2,75,,23.2,2.8965,,23.2,24,,23.2,232,666,,23.2,20.2,,23.2,232,393.37,,23.2,14.36
13.8,8.05579,,13.8,0,,13.8,18.1,,13.8,0,0,,13.8,58.4,0.584,,13.8,54.27,5.427,,13.8,95.4,,13.8,2.4298,,13.8,24,,13.8,138,666,,13.8,20.2,,13.8,138,352.58,,13.8,18.14
16.7,4.87141,,16.7,0,,16.7,18.1,,16.7,0,0,,16.7,61.4,0.614,,16.7,64.84,6.484,,16.7,93.6,,16.7,2.3053,,16.7,24,,16.7,167,666,,16.7,20.2,,16.7,167,396.21,,16.7,18.68
12,15.0234,,12,0,,12,18.1,,12,0,0,,12,61.4,0.614,,12,53.04,5.304,,12,97.3,,12,2.1007,,12,24,,12,120,666,,12,20.2,,12,120,349.48,,12,24.91
14.6,10.233,,14.6,0,,14.6,18.1,,14.6,0,0,,14.6,61.4,0.614,,14.6,61.85,6.185,,14.6,96.7,,14.6,2.1705,,14.6,24,,14.6,146,666,,14.6,20.2,,14.6,146,379.7,,14.6,18.03
21.4,14.3337,,21.4,0,,21.4,18.1,,21.4,0,0,,21.4,61.4,0.614,,21.4,62.29,6.229,,21.4,88,,21.4,1.9512,,21.4,24,,21.4,214,666,,21.4,20.2,,21.4,214,383.32,,21.4,13.11
23,5.82401,,23,0,,23,18.1,,23,0,0,,23,53.2,0.532,,23,62.42,6.242,,23,64.7,,23,3.4242,,23,24,,23,230,666,,23,20.2,,23,230,396.9,,23,10.74
23.7,5.70818,,23.7,0,,23.7,18.1,,23.7,0,0,,23.7,53.2,0.532,,23.7,67.5,6.75,,23.7,74.9,,23.7,3.3317,,23.7,24,,23.7,237,666,,23.7,20.2,,23.7,237,393.07,,23.7,7.74
21.8,2.81838,,21.8,0,,21.8,18.1,,21.8,0,0,,21.8,53.2,0.532,,21.8,57.62,5.762,,21.8,40.3,,21.8,4.0983,,21.8,24,,21.8,218,666,,21.8,20.2,,21.8,218,392.92,,21.8,10.42
20.6,2.37857,,20.6,0,,20.6,18.1,,20.6,0,0,,20.6,58.3,0.583,,20.6,58.71,5.871,,20.6,41.9,,20.6,3.724,,20.6,24,,20.6,206,666,,20.6,20.2,,20.6,206,370.73,,20.6,13.34
19.1,5.69175,,19.1,0,,19.1,18.1,,19.1,0,0,,19.1,58.3,0.583,,19.1,61.14,6.114,,19.1,79.8,,19.1,3.5459,,19.1,24,,19.1,191,666,,19.1,20.2,,19.1,191,392.68,,19.1,14.98
20.6,4.83567,,20.6,0,,20.6,18.1,,20.6,0,0,,20.6,58.3,0.583,,20.6,59.05,5.905,,20.6,53.2,,20.6,3.1523,,20.6,24,,20.6,206,666,,20.6,20.2,,20.6,206,388.22,,20.6,11.45
15.2,0.15086,,15.2,0,,15.2,27.74,,15.2,0,0,,15.2,60.9,0.609,,15.2,54.54,5.454,,15.2,92.7,,15.2,1.8209,,15.2,4,,15.2,152,711,,15.2,20.1,,15.2,152,395.09,,15.2,18.06
8.1,0.20746,,8.1,0,,8.1,27.74,,8.1,0,0,,8.1,60.9,0.609,,8.1,50.93,5.093,,8.1,98,,8.1,1.8226,,8.1,4,,8.1,81,711,,8.1,20.1,,8.1,81,318.43,,8.1,29.68
13.6,0.10574,,13.6,0,,13.6,27.74,,13.6,0,0,,13.6,60.9,0.609,,13.6,59.83,5.983,,13.6,98.8,,13.6,1.8681,,13.6,4,,13.6,136,711,,13.6,20.1,,13.6,136,390.11,,13.6,18.07
20.1,0.11132,,20.1,0,,20.1,27.74,,20.1,0,0,,20.1,60.9,0.609,,20.1,59.83,5.983,,20.1,83.5,,20.1,2.1099,,20.1,4,,20.1,201,711,,20.1,20.1,,20.1,201,396.9,,20.1,13.35
21.8,0.17331,,21.8,0,,21.8,9.69,,21.8,0,0,,21.8,58.5,0.585,,21.8,57.07,5.707,,21.8,54,,21.8,2.3817,,21.8,6,,21.8,218,391,,21.8,19.2,,21.8,218,396.9,,21.8,12.01
18.3,0.26838,,18.3,0,,18.3,9.69,,18.3,0,0,,18.3,58.5,0.585,,18.3,57.94,5.794,,18.3,70.6,,18.3,2.8927,,18.3,6,,18.3,183,391,,18.3,19.2,,18.3,183,396.9,,18.3,14.1
17.5,0.17783,,17.5,0,,17.5,9.69,,17.5,0,0,,17.5,58.5,0.585,,17.5,55.69,5.569,,17.5,73.5,,17.5,2.3999,,17.5,6,,17.5,175,391,,17.5,19.2,,17.5,175,395.77,,17.5,15.1
22.4,0.06263,,22.4,0,,22.4,11.93,,22.4,0,0,,22.4,57.3,0.573,,22.4,65.93,6.593,,22.4,69.1,,22.4,2.4786,,22.4,1,,22.4,224,273,,22.4,21,,22.4,224,391.99,,22.4,9.67
20.6,0.04527,,20.6,0,,20.6,11.93,,20.6,0,0,,20.6,57.3,0.573,,20.6,61.2,6.12,,20.6,76.7,,20.6,2.2875,,20.6,1,,20.6,206,273,,20.6,21,,20.6,206,396.9,,20.6,9.08
23.9,0.06076,,23.9,0,,23.9,11.93,,23.9,0,0,,23.9,57.3,0.573,,23.9,69.76,6.976,,23.9,91,,23.9,2.1675,,23.9,1,,23.9,239,273,,23.9,21,,23.9,239,396.9,,23.9,5.64
11.9,0.04741,,11.9,0,,11.9,11.93,,11.9,0,0,,11.9,57.3,0.573,,11.9,60.3,6.03,,11.9,80.8,,11.9,2.505,,11.9,1,,11.9,119,273,,11.9,21,,11.9,119,396.9,,11.9,7.88
